{
    "Result": {
        "array": {
            "RevTrxn": [
                {
                    "id": 1,
                    "trxn": {
                        "recDate": "08/28/2020",
                        "cpty": {
                            "name": "FLEETPRIDE810"
                        },
                        "status": "ctsCleared",
                        "amount": 20000,
                        "legalName": "Org Name"
                    }
                },
                {
                    "id": 2,
                    "trxn": {
                        "recDate": "08/28/2020",
                        "cpty": {
                            "name": "FLEETPRIDE810"
                        },
                        "status": "ctsCleared",
                        "amount": 20000,
                        "legalName": "Org Name"
                    }
                },
                {
                    "id": 3,
                    "trxn": {
                        "recDate": "08/28/2020",
                        "cpty": {
                            "name": "FLEETPRIDE810"
                        },
                        "status": "ctsCleared",
                        "amount": 20000,
                        "legalName": "Org Name"
                    }
                },
                {
                    "id": 4,
                    "trxn": {
                        "recDate": "08/28/2020",
                        "cpty": {
                            "name": "FLEETPRIDE810"
                        },
                        "status": "ctsCleared",
                        "amount": 20000,
                        "legalName": "Org Name"
                    }
                },
                {
                    "id": 5,
                    "trxn": {
                        "recDate": "08/28/2020",
                        "cpty": {
                            "name": "FLEETPRIDE810"
                        },
                        "status": "ctsCleared",
                        "amount": 20000,
                        "legalName": "Org Name"
                    }
                }
            ]
        }
    }
}